Star Name,Identity,Magnitude,RA,Dec,Alt,Az,xcentroid,ycentroid,background_mean,obs_mag
Arcturus,Alpha Bodtis,-0.04,213.9153003,19.1824092,57.020140058179926,255.80477945229046,443.95375849222,222.05610344071883,27.750194660449814,-9.148126171931652
Vega,Alpha Lyrae,0.03,279.2347347,38.7836889,63.60371228191183,65.63180832534658,222.3164812942366,261.44934277047525,31.968597003361868,-9.235415739832995
Altair,Alpha Aquilae,0.77,297.69575,8.8683333,38.57830641654898,105.03063676266527,148.94000517196793,158.94931471424877,40.11278635938662,-8.968435430182664
Antares,Alpha Scorpii,0.96,247.35175,-26.43195,31.83397309949078,180.45892109338985,353.88248716486027,30.187963491158015,32.235836879674814,-8.86202977939444
Deneb,Alpha Cygni,1.25,310.358,45.2802833,40.575719196942515,55.105512062128746,158.27048337332877,313.6643812135756,38.63624080083091,-8.662341072804331
Shaula,Lambda Scorpii,1.63,263.402,-37.1038833,19.656690278253716,166.79708441193887,302.9919839679359,5.029058116232465,41.69086596814034,-7.497826353218428
Alioth,Epsilon Ursae Majoris,1.77,193.507,55.9597167,45.47568143201684,319.41046843787717,406.90345982142856,373.53794642857144,27.291824951710897,-8.133345013315266
Dubhe,Alpha Ursae Majoris,1.79,165.9319647,61.7510347,31.29651848741346,326.62072511894706,407.41057441253264,422.65208877284596,29.069945450874815,-7.963146913241463
Alkaid,Eta Ursae Majoris,1.86,206.8851572,49.3132667,54.79939927022956,311.9584395538067,403.91984359726297,336.3318670576735,26.15807034699153,-8.277264073440353
Polaris,Alpha Ursae Minoris,2.02,37.953,89.2641667,31.090294715952748,0.31305074570770447,287.9522058823529,439.7702205882353,31.44856872486779,-7.591572238405403
Kochab,Beta Ursae Minoris,2.08,222.6763575,74.1555039,45.724299310617305,350.2881139183554,323.0830730793254,397.6739537788882,27.85792642855794,-8.010978329798249
Rasalhague,Alpha Ophiuchi,2.08,263.7336228,12.5600375,65.93158435249106,139.1183174206346,270.51894694854406,155.89190267251695,33.04995128973374,-8.497885834895541
Sadr,Gamma Cygni,2.2,305.5570911,40.2566792,43.40384001032183,62.433173929374135,157.6978978978979,289.54294294294294,41.144237652812045,-8.053535594605846
Alphecca,Alpha Coronae Borealis,2.23,233.672,26.7147167,76.61981561527895,251.49235596019673,370.58310172317954,224.99888827126182,27.820040711200065,-8.137577908363879
Eltanin,Gamma Draconis,2.23,269.1515411,51.4888956,64.83849459147919,31.93974730710526,256.68726823238563,307.1718170580964,29.412621631161517,-8.022446293190633
Mizar,Zeta Ursae Majoris,2.27,200.9814292,54.9253611,49.836742330945526,319.2810605960009,399.20899718837865,360.64948453608247,27.360504525816896,-8.322986037721128
Dschubba,Delta Scorpii,2.32,240.08325,-22.6216667,35.13335535468078,188.712134108057,379.6570076877587,46.688941454760496,33.94876846211736,-8.070359018994354
Merak,Beta Ursae Majoris,2.37,165.4603189,56.3824261,29.989739163386332,320.56060755505365,428.8201550387597,415.27596899224807,29.16181242455266,-7.023899286588168
Sabik,Eta Ophiuchi,2.43,257.5945286,-15.7249067,41.64189826026269,167.35484994761063,308.1601895734597,57.6,35.36153630979164,-7.558131149084279
Alderamin,Alpha Cephei,2.44,319.6448847,62.5855744,36.12437716018421,32.65642518370771,192.1390977443609,379.34586466165416,32.86386508491419,-6.814779080737621
Phecda,Gamma Ursae Majoris,2.44,178.4576972,53.6947597,36.912653606226364,315.9834263116128,430.97300944669365,389.7975708502024,27.78352481819722,-7.17454551994832
Zubeneshamali,Beta Librae,2.61,229.2517242,-9.3829144,45.1798667467597,206.47196139419103,415.62757201646093,99.3858024691358,29.363319501064435,-7.469165662315687
Graffias,Beta Scorpii,2.62,241.3593,-19.8054528,38.08236879258923,187.70754633369782,373.70951585976627,53.4440734557596,32.24606258749757,-7.696142045133232
Unukalhai,Alpha Serpentis,2.65,236.0669764,6.4256286,62.383991984090045,205.96563697282465,379.8882480173035,147.40374909877434,29.711995119825676,-7.855191152683211
Muphrid,Eta Bodtis,2.68,208.6711622,18.3977208,52.28947721673732,258.74746191228814,461.6571906354515,227.73494983277592,27.842941785727938,-7.69432794913098
Pulcherrima,Epsilon Bodtis,2.7,221.24675,27.0741667,66.3767841203949,265.3879252898269,410.4117015566291,240.21846484165326,27.620476638801676,-8.175532137240607
Tarazed,Gamma Aquilae,2.72,296.5649178,10.6132614,40.46879013889302,103.93615638505322,152.68996960486322,164.34650455927053,45.24343374690761,-7.0455647340348895
Yed Prior,Delta Ophiuchi,2.74,243.5864106,-3.6943225,54.33742479558766,187.28137859227704,357.0594125500668,104.69492656875835,30.835054476876703,-7.93877953340862
Kornephoros,Beta Herculis,2.77,247.5549981,21.4896114,79.75499930031029,181.69997796773126,326.61962750716333,195.15329512893982,29.161319384607342,-7.8622135457178555
Kelb al Rai,Beta Ophiuchi,2.77,265.8681361,4.5673044,58.03512910187742,144.37360372026725,264.6312554872695,125.64969271290606,34.67318236798897,-7.641309310197752
Rastaban,Beta Draconis,2.79,262.60825,52.3013833,66.80824908819581,23.097420989312518,272.6178414096916,309.61453744493394,28.234033150131538,-7.395214621302713
Cor Caroli,Alpha Canem Venaticorum,2.9,194.007,38.3183333,45.99428228112955,294.03261109800593,456.53277711561384,321.84743742550654,27.025578685936594,-7.309404902071751
Pherkad,Gamma Ursae Minoris,3.05,230.182,71.8338833,48.78809708026013,351.6015763695114,319.0461760461761,387.2092352092352,27.791523811569487,-7.101833086529517
Altais,Delta Draconis,3.07,288.1387581,67.6615406,47.15699972016054,21.047339842167766,240.98338368580062,372.0604229607251,29.252516269110952,-7.05214497359925
Albireo,Beta Cygni,3.08,292.6803583,27.9596778,51.247207081781006,83.54913459056247,174.17521781219747,228.135527589545,43.01471727381167,-7.535250803799052
Sarin,Delta Herculis,3.14,258.7579608,24.8392069,78.22735128172194,122.98476660772833,285.30105017502916,203.44340723453908,30.487746720465665,-7.3324520548079954
Yed Posterior,Epsilon Ophiuchi,3.24,244.5803739,-4.6925094,53.43923947053311,185.44394788524968,353.6924528301887,100.93018867924528,30.254640982883725,-6.8106896740019724
Edasich,Iota Draconis,3.29,231.2323942,58.966065,60.53863919586202,342.3828101061606,337.05874125874124,344.6643356643357,26.830985420188,-7.135765104502702
Shelyak,Beta Lyrae,3.45,282.52,33.3627833,60.90686194986473,77.25752730281044,209.15194805194804,241.95064935064934,34.90703449807427,-7.216226812931205
Rasalgethi,Alpha Herculis,3.48,258.662,14.3902833,70.06336271396724,147.85271714651373,288.8677555321391,163.15015806111697,32.832542787925775,-8.195740520228185
Nekkar,Beta Bodtis,3.5,225.48651,40.3905669,69.99152237591784,301.7920497283372,378.30223123732253,283.947261663286,27.285378054780356,-6.732117298193075
